Setting,APLS,TOPO,Precision,Recall,topo_txt_total,topo_txt_used,apls_txt_total,apls_txt_used
SpaceNet 8x8,0.6825578863636363,0.7653451922506196,0.9300407046296926,0.6764275618029039,382,365,382,352
SpaceNet 4x4,0.6778058328611898,0.7610163012422014,0.9201049721551031,0.677207433109832,382,369,382,353
